{
 "skip4": {
  "swap-capitals": {
   "task": "swap-capitals",
   "band_layers": [
    4,
    5,
    6,
    7,
    8,
    9,
    10,
    11,
    12,
    13,
    14,
    15,
    16
   ],
   "alpha": 1.0,
   "rcond": 0.05,
   "per_item": [
    {
     "name": "swap-France-to-Italy",
     "n_edit_positions": 1,
     "p_base_answer": 0.9436563849449158,
     "p_base_swap_answer": 0.0010919834021478891,
     "dp_swap_answer": 0.7104873657226562,
     "dp_answer": -0.9173794984817505,
     "dp_swap_answer_random_ctrl": [
      0.012190388515591621,
      0.03235431760549545,
      0.04025237634778023,
      0.006303262896835804,
      0.010564959608018398,
      0.003908646292984486,
      0.003767547430470586,
      0.006075803190469742,
      0.004565962590277195,
      0.10434719920158386
     ],
     "swap_top1_hit": true
    },
    {
     "name": "swap-Italy-to-France",
     "n_edit_positions": 1,
     "p_base_answer": 0.7364778518676758,
     "p_base_swap_answer": 0.0007369643426500261,
     "dp_swap_answer": 0.9080044031143188,
     "dp_answer": -0.7248685956001282,
     "dp_swap_answer_random_ctrl": [
      0.02586718462407589,
      0.0024338329676538706,
      0.00839186180382967,
      0.06024809181690216,
      0.003770998679101467,
      0.010113256983458996,
      0.07234929502010345,
      0.012695393525063992,
      0.009153119288384914,
      0.0008016648353077471
     ],
     "swap_top1_hit": true
    },
    {
     "name": "swap-England-to-Spain",
     "n_edit_positions": 1,
     "p_base_answer": 0.7283635139465332,
     "p_base_swap_answer": 6.988761742832139e-05,
     "dp_swap_answer": 0.2633441388607025,
     "dp_answer": -0.1112629771232605,
     "dp_swap_answer_random_ctrl": [
      4.589853051584214e-05,
      -6.468269566539675e-05,
      -1.2832762877224013e-05,
      5.504870932782069e-05,
      -6.766948354197666e-05,
      -6.541693437611684e-05,
      9.587675594957545e-05,
      -2.5193399778800085e-05,
      -6.245816621230915e-05,
      -4.739518408314325e-05
     ],
     "swap_top1_hit": false
    },
    {
     "name": "swap-Spain-to-England",
     "n_edit_positions": 1,
     "p_base_answer": 0.9419296383857727,
     "p_base_swap_answer": 0.0019728990737348795,
     "dp_swap_answer": 0.79514479637146,
     "dp_answer": -0.9413380026817322,
     "dp_swap_answer_random_ctrl": [
      0.034673333168029785,
      0.012004128657281399,
      0.0058083366602659225,
      0.0017965668812394142,
      0.026772411540150642,
      -0.0007107561687007546,
      0.0007216897793114185,
      0.009342852979898453,
      -0.0006311959587037563,
      0.001510832691565156
     ],
     "swap_top1_hit": true
    },
    {
     "name": "swap-Germany-to-Russia",
     "n_edit_positions": 1,
     "p_base_answer": 0.7214801907539368,
     "p_base_swap_answer": 0.00023407164553645998,
     "dp_swap_answer": 0.566862940788269,
     "dp_answer": -0.6157427430152893,
     "dp_swap_answer_random_ctrl": [
      0.0007666844176128507,
      0.009406136348843575,
      0.01578938402235508,
      0.004037282429635525,
      0.0007657642709091306,
      0.005776535253971815,
      0.02148626558482647,
      0.005956154782325029,
      0.0009680031798779964,
      0.001487288624048233
     ],
     "swap_top1_hit": true
    },
    {
     "name": "swap-Russia-to-Germany",
     "n_edit_positions": 1,
     "p_base_answer": 0.38234296441078186,
     "p_base_swap_answer": 0.0007769094663672149,
     "dp_swap_answer": 0.8256485462188721,
     "dp_answer": -0.3816320300102234,
     "dp_swap_answer_random_ctrl": [
      0.0014430067967623472,
      0.0013704507146030664,
      0.002008081180974841,
      -0.0003445940383244306,
      -0.0006627100519835949,
      -0.0006459603318944573,
      0.005987588316202164,
      0.0029259684961289167,
      -0.0005520437262021005,
      0.0055328249000012875
     ],
     "swap_top1_hit": true
    },
    {
     "name": "swap-Japan-to-China",
     "n_edit_positions": 1,
     "p_base_answer": 0.8534233570098877,
     "p_base_swap_answer": 7.55259461584501e-05,
     "dp_swap_answer": 0.8437532186508179,
     "dp_answer": -0.8529874682426453,
     "dp_swap_answer_random_ctrl": [
      0.0030525780748575926,
      0.01511613093316555,
      0.004834330175071955,
      0.010881791822612286,
      0.00022030968102626503,
      0.006096621975302696,
      0.017704922705888748,
      0.005186916794627905,
      0.0002676579460967332,
      0.004924218636006117
     ],
     "swap_top1_hit": true
    },
    {
     "name": "swap-China-to-Japan",
     "n_edit_positions": 1,
     "p_base_answer": 0.7507729530334473,
     "p_base_swap_answer": 0.0025074079167097807,
     "dp_swap_answer": 0.9016493558883667,
     "dp_answer": -0.7499700784683228,
     "dp_swap_answer_random_ctrl": [
      0.059490226209163666,
      0.002782991388812661,
      0.05725468322634697,
      0.0037793226074427366,
      0.16333529353141785,
      0.0027895045932382345,
      0.05739883705973625,
      0.06505098938941956,
      0.009303413331508636,
      0.024322830140590668
     ],
     "swap_top1_hit": true
    },
    {
     "name": "swap-Greece-to-Egypt",
     "n_edit_positions": 1,
     "p_base_answer": 0.5573287606239319,
     "p_base_swap_answer": 9.951939864549786e-05,
     "dp_swap_answer": 0.06616141647100449,
     "dp_answer": -0.5283041596412659,
     "dp_swap_answer_random_ctrl": [
      0.01292113121598959,
      0.00031437957659363747,
      0.0038202477153390646,
      0.0005752781871706247,
      0.0017041984247043729,
      0.00030346744460985065,
      0.001468622125685215,
      0.00179983489215374,
      0.000801405927632004,
      0.0031768381595611572
     ],
     "swap_top1_hit": false
    },
    {
     "name": "swap-Egypt-to-Greece",
     "n_edit_positions": 1,
     "p_base_answer": 0.596606969833374,
     "p_base_swap_answer": 0.000165002973517403,
     "dp_swap_answer": 0.36578088998794556,
     "dp_answer": -0.5895662307739258,
     "dp_swap_answer_random_ctrl": [
      0.0014156230026856065,
      0.0033436173107475042,
      0.001643699244596064,
      0.006119752302765846,
      -0.00010558310168562457,
      -0.00015608142712153494,
      0.000913717900402844,
      0.0005173148820176721,
      0.0004183700948487967,
      0.00033603867632336915
     ],
     "swap_top1_hit": true
    },
    {
     "name": "swap-Ireland-to-Poland",
     "n_edit_positions": 1,
     "p_base_answer": 0.7840441465377808,
     "p_base_swap_answer": 6.290808869380271e-07,
     "dp_swap_answer": 0.31851932406425476,
     "dp_answer": -0.7832894921302795,
     "dp_swap_answer_random_ctrl": [
      0.00039241163176484406,
      0.0009799371473491192,
      0.0002741701027844101,
      0.00013537587074097246,
      0.0002488714817445725,
      7.804745837347582e-05,
      0.0006339457468129694,
      0.0007092173327691853,
      0.0001023658987833187,
      0.00018327771977055818
     ],
     "swap_top1_hit": true
    },
    {
     "name": "swap-Poland-to-Ireland",
     "n_edit_positions": 1,
     "p_base_answer": 0.8749746084213257,
     "p_base_swap_answer": 3.44694490195252e-06,
     "dp_swap_answer": 0.9150009155273438,
     "dp_answer": -0.8748324513435364,
     "dp_swap_answer_random_ctrl": [
      0.0008068304159678519,
      0.00023067084839567542,
      0.0002700876793824136,
      2.5463699785177596e-05,
      2.3848178898333572e-05,
      6.883221431053244e-06,
      4.748256833408959e-05,
      2.4377910449402407e-05,
      9.453237908019219e-07,
      9.776519436854869e-05
     ],
     "swap_top1_hit": true
    },
    {
     "name": "swap-Sweden-to-Norway",
     "n_edit_positions": 1,
     "p_base_answer": 0.8428159952163696,
     "p_base_swap_answer": 0.00033243538928218186,
     "dp_swap_answer": 0.4680641293525696,
     "dp_answer": -0.7640297412872314,