{
 "skip4": {
  "swap-capitals": {
   "task": "swap-capitals",
   "band_layers": [
    4,
    5,
    6,
    7,
    8,
    9,
    10,
    11,
    12,
    13,
    14,
    15,
    16
   ],
   "alpha": 1.0,
   "rcond": 0.05,
   "per_item": [
    {
     "name": "swap-France-to-Italy",
     "n_edit_positions": 1,
     "p_base_answer": 0.9436563849449158,
     "p_base_swap_answer": 0.0010919834021478891,
     "dp_swap_answer": 0.7562940120697021,
     "dp_answer": -0.9143226742744446,
     "dp_swap_answer_random_ctrl": [
      0.006845460273325443,
      0.005383051000535488,
      0.062158647924661636,
      0.00040640949737280607,
      0.006689661182463169,
      0.001263411482796073,
      0.0045828139409422874,
      0.0007450598059222102,
      0.004732565954327583,
      0.03577210009098053
     ],
     "swap_top1_hit": true
    },
    {
     "name": "swap-Italy-to-France",
     "n_edit_positions": 1,
     "p_base_answer": 0.7364778518676758,
     "p_base_swap_answer": 0.0007369643426500261,
     "dp_swap_answer": 0.867210865020752,
     "dp_answer": -0.709916353225708,
     "dp_swap_answer_random_ctrl": [
      0.011452104896306992,
      0.00060274574207142,
      0.0023910976015031338,
      0.07532866299152374,
      0.014353886246681213,
      0.041138119995594025,
      0.04927721619606018,
      0.013348466716706753,
      0.015347362495958805,
      0.007610165048390627
     ],
     "swap_top1_hit": true
    },
    {
     "name": "swap-England-to-Spain",
     "n_edit_positions": 1,
     "p_base_answer": 0.7283635139465332,
     "p_base_swap_answer": 6.988761742832139e-05,
     "dp_swap_answer": 0.8156695365905762,
     "dp_answer": -0.6335811614990234,
     "dp_swap_answer_random_ctrl": [
      5.13041959493421e-05,
      -6.391502392943949e-05,
      -2.2709351469529793e-05,
      3.068443766096607e-05,
      -2.538164335419424e-05,
      -3.910158193320967e-05,
      0.0003580444899853319,
      -2.0990821212762967e-05,
      3.863581514451653e-05,
      7.472164725186303e-05
     ],
     "swap_top1_hit": true
    },
    {
     "name": "swap-Spain-to-England",
     "n_edit_positions": 1,
     "p_base_answer": 0.9419296383857727,
     "p_base_swap_answer": 0.0019728990737348795,
     "dp_swap_answer": 0.7076073288917542,
     "dp_answer": -0.9399648904800415,
     "dp_swap_answer_random_ctrl": [
      0.03225105255842209,
      0.021633848547935486,
      0.015551185235381126,
      0.0023409563582390547,
      0.021136129274964333,
      -3.362889401614666e-05,
      0.0015951618552207947,
      0.008537043817341328,
      0.0012065940536558628,
      0.007143355906009674
     ],
     "swap_top1_hit": true
    },
    {
     "name": "swap-Germany-to-Russia",
     "n_edit_positions": 1,
     "p_base_answer": 0.7214801907539368,
     "p_base_swap_answer": 0.00023407164553645998,
     "dp_swap_answer": 0.5910208225250244,
     "dp_answer": -0.6507331132888794,
     "dp_swap_answer_random_ctrl": [
      0.0015603327192366123,
      0.0010173440678045154,
      0.02621067687869072,
      0.004385079722851515,
      0.0007794912671670318,
      0.010692157782614231,
      0.00594340031966567,
      0.008109225891530514,
      0.0010952312732115388,
      0.0030899608973413706
     ],
     "swap_top1_hit": true
    },
    {
     "name": "swap-Russia-to-Germany",
     "n_edit_positions": 1,
     "p_base_answer": 0.38234296441078186,
     "p_base_swap_answer": 0.0007769094663672149,
     "dp_swap_answer": 0.7545932531356812,
     "dp_answer": -0.3823162317276001,
     "dp_swap_answer_random_ctrl": [
      8.227064972743392e-05,
      0.0002513746148906648,
      0.002152005909010768,
      0.0006539732567034662,
      -0.0002243479248136282,
      -0.0006177860195748508,
      0.031079046428203583,
      0.0018493770621716976,
      0.00043007306521758437,
      0.021609332412481308
     ],
     "swap_top1_hit": true
    },
    {
     "name": "swap-Japan-to-China",
     "n_edit_positions": 1,
     "p_base_answer": 0.8534233570098877,
     "p_base_swap_answer": 7.55259461584501e-05,
     "dp_swap_answer": 0.834882378578186,
     "dp_answer": -0.8519934415817261,
     "dp_swap_answer_random_ctrl": [
      3.819364064838737e-05,
      0.006777456030249596,
      0.00027694483287632465,
      0.004963594954460859,
      4.04870806960389e-05,
      0.0008310702978633344,
      0.0018727944698184729,
      0.0004187276354059577,
      0.00024228935944847763,
      0.0007008776301518083
     ],
     "swap_top1_hit": true
    },
    {
     "name": "swap-China-to-Japan",
     "n_edit_positions": 1,
     "p_base_answer": 0.7507729530334473,
     "p_base_swap_answer": 0.0025074079167097807,
     "dp_swap_answer": 0.8657337427139282,
     "dp_answer": -0.7504764795303345,
     "dp_swap_answer_random_ctrl": [
      0.03410067409276962,
      -0.001441319938749075,
      0.15944942831993103,
      0.0067011574283242226,
      0.11615224182605743,
      0.004949902184307575,
      0.048339858651161194,
      0.020080382004380226,
      0.0011658335570245981,
      0.011640998534858227
     ],
     "swap_top1_hit": true
    },
    {
     "name": "swap-Greece-to-Egypt",
     "n_edit_positions": 1,
     "p_base_answer": 0.5573287606239319,
     "p_base_swap_answer": 9.951939864549786e-05,
     "dp_swap_answer": 0.12554804980754852,
     "dp_answer": -0.5492005348205566,
     "dp_swap_answer_random_ctrl": [
      0.00891506765037775,
      0.002034067641943693,
      0.0011869590962305665,
      0.001453341799788177,
      0.0012967741349712014,
      0.0012938515283167362,
      0.0009268608409911394,
      0.006391807924956083,
      0.0027759906370192766,
      0.006402873899787664
     ],
     "swap_top1_hit": false
    },
    {
     "name": "swap-Egypt-to-Greece",
     "n_edit_positions": 1,
     "p_base_answer": 0.596606969833374,
     "p_base_swap_answer": 0.000165002973517403,
     "dp_swap_answer": 0.2993623912334442,
     "dp_answer": -0.5944337248802185,
     "dp_swap_answer_random_ctrl": [
      0.000370899768313393,
      0.0022914845030754805,
      -0.00012395720114000142,
      0.0006130656693130732,
      2.228538505733013e-05,
      -0.00012079581938451156,
      0.002659700345247984,
      0.00039663686766289175,
      -4.348800575826317e-05,
      0.0003141353081446141
     ],
     "swap_top1_hit": true
    },
    {
     "name": "swap-Ireland-to-Poland",
     "n_edit_positions": 1,
     "p_base_answer": 0.7840441465377808,
     "p_base_swap_answer": 6.290808869380271e-07,
     "dp_swap_answer": 0.2322591245174408,
     "dp_answer": -0.7834836840629578,
     "dp_swap_answer_random_ctrl": [
      0.0003393067163415253,
      4.7474084567511454e-05,
      0.00020611265790648758,
      0.00033804940176196396,
      0.000244325608946383,
      4.351971801952459e-05,
      0.0010521023068577051,
      0.00014552054926753044,
      4.33906025136821e-05,
      0.0007150530582293868
     ],
     "swap_top1_hit": true
    },
    {
     "name": "swap-Poland-to-Ireland",
     "n_edit_positions": 1,
     "p_base_answer": 0.8749746084213257,
     "p_base_swap_answer": 3.44694490195252e-06,
     "dp_swap_answer": 0.477541983127594,
     "dp_answer": -0.8745418190956116,
     "dp_swap_answer_random_ctrl": [
      0.0005204369663260877,
      5.016680006519891e-06,
      4.636741505237296e-05,
      2.68432859229506e-06,
      2.247665725008119e-05,
      2.201781899202615e-05,
      5.228201553109102e-05,
      1.64575958478963e-05,
      1.0961515727103688e-05,
      3.450001167948358e-05
     ],
     "swap_top1_hit": true
    },
    {
     "name": "swap-Sweden-to-Norway",
     "n_edit_positions": 1,
     "p_base_answer": 0.8428159952163696,
     "p_base_swap_answer": 0.00033243538928218186,
     "dp_swap_answer": 0.5392069220542908,
     "dp_answer": -0.7162595987319946,