{
 "skip4": {
  "swap-capitals": {
   "task": "swap-capitals",
   "band_layers": [
    4,
    5,
    6,
    7,
    8,
    9,
    10,
    11,
    12,
    13,
    14,
    15,
    16
   ],
   "alpha": 1.0,
   "rcond": 0.05,
   "per_item": [
    {
     "name": "swap-France-to-Italy",
     "n_edit_positions": 1,
     "p_base_answer": 0.9734671711921692,
     "p_base_swap_answer": 5.4543837904930115e-05,
     "dp_swap_answer": 0.759061872959137,
     "dp_answer": -0.8073070645332336,
     "dp_swap_answer_random_ctrl": [
      0.001057533547282219,
      0.0005329358973540366,
      0.00024577061412855983,
      0.0009259554790332913,
      0.0002372231101617217,
      0.0006397616816684604,
      0.0005289390101097524,
      0.000648943823762238,
      0.00013714469969272614,
      0.0002659945166669786
     ],
     "swap_top1_hit": true
    },
    {
     "name": "swap-Italy-to-France",
     "n_edit_positions": 1,
     "p_base_answer": 0.9508237242698669,
     "p_base_swap_answer": 0.00026128345052711666,
     "dp_swap_answer": 0.9255350828170776,
     "dp_answer": -0.9043606519699097,
     "dp_swap_answer_random_ctrl": [
      -0.00011759849439840764,
      -7.761355664115399e-05,
      -6.905553163960576e-06,
      -0.00019054923905059695,
      0.00031498741009272635,
      7.528811693191528e-06,
      0.0001749712973833084,
      0.00011524325236678123,
      0.00023335378500632942,
      6.769417086616158e-05
     ],
     "swap_top1_hit": true
    },
    {
     "name": "swap-England-to-Spain",
     "n_edit_positions": 1,
     "p_base_answer": 0.9793788194656372,
     "p_base_swap_answer": 6.278005002968712e-06,
     "dp_swap_answer": 0.004311349242925644,
     "dp_answer": -0.0066304802894592285,
     "dp_swap_answer_random_ctrl": [
      2.7233350010646973e-06,
      8.622957466286607e-06,
      4.071809144079452e-06,
      1.584077108418569e-05,
      1.624401193112135e-05,
      4.286040621082066e-06,
      1.7406742699677125e-05,
      5.658965619659284e-06,
      1.966189120139461e-05,
      5.591865829046583e-06
     ],
     "swap_top1_hit": false
    },
    {
     "name": "swap-Spain-to-England",
     "n_edit_positions": 1,
     "p_base_answer": 0.9260734915733337,
     "p_base_swap_answer": 0.0004379363381303847,
     "dp_swap_answer": 0.7902107834815979,
     "dp_answer": -0.7749171257019043,
     "dp_swap_answer_random_ctrl": [
      0.0014651359524577856,
      0.0013290613424032927,
      0.003506970591843128,
      0.001836440060287714,
      0.0021793032065033913,
      0.004005413968116045,
      0.0010679969564080238,
      0.001774968346580863,
      0.0006106745568104088,
      0.00037935993168503046
     ],
     "swap_top1_hit": true
    },
    {
     "name": "swap-Germany-to-Russia",
     "n_edit_positions": 1,
     "p_base_answer": 0.9027499556541443,
     "p_base_swap_answer": 4.4260883441893384e-05,
     "dp_swap_answer": 0.723102331161499,
     "dp_answer": -0.8784553408622742,
     "dp_swap_answer_random_ctrl": [
      0.0006519577582366765,
      0.0003674432809930295,
      0.00015450530918315053,
      0.0001418881438439712,
      0.00021840726549271494,
      0.00023955437063705176,
      3.9463327993871644e-05,
      0.0001810922403819859,
      0.00011914325295947492,
      0.00036834506317973137
     ],
     "swap_top1_hit": true
    },
    {
     "name": "swap-Russia-to-Germany",
     "n_edit_positions": 1,
     "p_base_answer": 0.7309398651123047,
     "p_base_swap_answer": 1.5235103091981728e-05,
     "dp_swap_answer": 0.4641602039337158,
     "dp_answer": -0.4555334448814392,
     "dp_swap_answer_random_ctrl": [
      -4.181622898613568e-06,
      5.237970071902964e-06,
      4.955479198542889e-06,
      9.727961696626153e-06,
      8.737379175727256e-07,
      1.517207874712767e-05,
      1.061231432686327e-05,
      -4.493592314247508e-06,
      1.3301269063958898e-07,
      -3.3255328162340447e-06
     ],
     "swap_top1_hit": true
    },
    {
     "name": "swap-Japan-to-China",
     "n_edit_positions": 1,
     "p_base_answer": 0.9320235252380371,
     "p_base_swap_answer": 7.112219464033842e-05,
     "dp_swap_answer": 0.6066501140594482,
     "dp_answer": -0.5976880192756653,
     "dp_swap_answer_random_ctrl": [
      3.59397308784537e-05,
      -3.291335451649502e-05,
      2.969193155877292e-05,
      9.565787331666797e-05,
      -1.777319994289428e-06,
      -1.2808421161025763e-05,
      -3.701075547724031e-05,
      -2.767837213468738e-05,
      -4.81755705550313e-07,
      6.502846372313797e-05
     ],
     "swap_top1_hit": true
    },
    {
     "name": "swap-China-to-Japan",
     "n_edit_positions": 1,
     "p_base_answer": 0.9473581314086914,
     "p_base_swap_answer": 0.00045534936361946166,
     "dp_swap_answer": 0.4633499085903168,
     "dp_answer": -0.4745746850967407,
     "dp_swap_answer_random_ctrl": [
      6.073329132050276e-06,
      -2.8502545319497585e-05,
      -9.604060323908925e-06,
      -0.0001934444298967719,
      4.483791417442262e-05,
      -7.119623478502035e-05,
      0.0002885972207877785,
      0.0004190027539152652,
      0.00027273394516669214,
      -0.00020353987929411232
     ],
     "swap_top1_hit": false
    },
    {
     "name": "swap-Greece-to-Egypt",
     "n_edit_positions": 1,
     "p_base_answer": 0.969875693321228,
     "p_base_swap_answer": 1.9043085330849863e-06,
     "dp_swap_answer": 0.007726750802248716,
     "dp_answer": -0.0011422038078308105,
     "dp_swap_answer_random_ctrl": [
      9.377478818350937e-06,
      3.4560275707917754e-06,
      1.3522646440833341e-05,
      5.3888252296019346e-06,
      3.160512733302312e-06,
      3.163332621625159e-06,
      3.106544681941159e-06,
      2.586662503745174e-06,
      3.6160190575174056e-06,
      3.7832105590496212e-06
     ],
     "swap_top1_hit": false
    },
    {
     "name": "swap-Egypt-to-Greece",
     "n_edit_positions": 1,
     "p_base_answer": 0.9659175872802734,
     "p_base_swap_answer": 6.7816108639817685e-06,
     "dp_swap_answer": 0.3501644730567932,
     "dp_answer": -0.9370954632759094,
     "dp_swap_answer_random_ctrl": [
      7.329396612476557e-05,
      8.290361438412219e-05,
      2.316327481821645e-05,
      0.00013945603859610856,
      5.052815322414972e-05,
      9.212101576849818e-05,
      5.317189425113611e-05,
      0.00039803358959034085,
      8.810113649815321e-05,
      2.815838342939969e-06
     ],
     "swap_top1_hit": false
    },
    {
     "name": "swap-Ireland-to-Poland",
     "n_edit_positions": 1,
     "p_base_answer": 0.9687492251396179,
     "p_base_swap_answer": 3.4832865480893815e-08,
     "dp_swap_answer": 0.06730435788631439,
     "dp_answer": -0.41257160902023315,
     "dp_swap_answer_random_ctrl": [
      2.203706372938541e-07,
      2.0407027534474764e-07,
      2.510435592739668e-07,
      1.8607389051794598e-07,
      5.417012403086119e-07,
      1.477370403790701e-07,
      4.525668373389635e-08,
      1.3677265542355599e-08,
      3.612862542468065e-07,
      1.3015063871080201e-07
     ],
     "swap_top1_hit": false
    },
    {
     "name": "swap-Poland-to-Ireland",
     "n_edit_positions": 1,
     "p_base_answer": 0.817773699760437,
     "p_base_swap_answer": 2.636705630720826e-06,
     "dp_swap_answer": 0.01771179959177971,
     "dp_answer": -0.07289808988571167,
     "dp_swap_answer_random_ctrl": [
      -8.230697403632803e-07,
      -4.3895943235838786e-07,
      2.071375092782546e-06,
      2.4198475330194924e-06,
      3.407379608688643e-06,
      1.1631746019702405e-06,
      2.206545559602091e-06,
      1.2101543688913807e-05,
      9.143211627815617e-07,
      2.1893447410548106e-07
     ],
     "swap_top1_hit": false
    },
    {
     "name": "swap-Sweden-to-Norway",
     "n_edit_positions": 1,
     "p_base_answer": 0.9097939729690552,
     "p_base_swap_answer": 7.969711441546679e-05,
     "dp_swap_answer": 0.19354452192783356,
     "dp_answer": -0.23928433656692505,