{
 "skip4": {
  "swap-capitals": {
   "task": "swap-capitals",
   "band_layers": [
    4,
    5,
    6,
    7,
    8,
    9,
    10,
    11,
    12,
    13,
    14,
    15,
    16
   ],
   "alpha": 1.0,
   "rcond": 0.05,
   "per_item": [
    {
     "name": "swap-France-to-Italy",
     "n_edit_positions": 1,
     "p_base_answer": 0.9734671711921692,
     "p_base_swap_answer": 5.4543837904930115e-05,
     "dp_swap_answer": 0.8202735185623169,
     "dp_answer": -0.8726397752761841,
     "dp_swap_answer_random_ctrl": [
      0.0016270758351311088,
      0.0008882210240699351,
      0.00027559278532862663,
      0.0007465258822776377,
      0.0007026426610536873,
      0.002230301033705473,
      0.0006601494969800115,
      0.0010579749941825867,
      0.0004603362176567316,
      0.0006236397312022746
     ],
     "swap_top1_hit": true
    },
    {
     "name": "swap-Italy-to-France",
     "n_edit_positions": 1,
     "p_base_answer": 0.9508237242698669,
     "p_base_swap_answer": 0.00026128345052711666,
     "dp_swap_answer": 0.9411597847938538,
     "dp_answer": -0.9226942658424377,
     "dp_swap_answer_random_ctrl": [
      -0.00013701255375053734,
      -0.0001117826031986624,
      -3.594101872295141e-05,
      -0.000158284543431364,
      3.40031401719898e-05,
      0.00010633343481458724,
      0.00018960595480166376,
      8.624466136097908e-05,
      -1.9072613213211298e-05,
      -3.001476579811424e-05
     ],
     "swap_top1_hit": true
    },
    {
     "name": "swap-England-to-Spain",
     "n_edit_positions": 1,
     "p_base_answer": 0.9793788194656372,
     "p_base_swap_answer": 6.278005002968712e-06,
     "dp_swap_answer": 0.005053276661783457,
     "dp_answer": -0.008527278900146484,
     "dp_swap_answer_random_ctrl": [
      -2.3585171220474876e-06,
      1.222302125825081e-05,
      2.335464614589e-06,
      8.35554237710312e-06,
      9.81587618298363e-06,
      1.0386620488134213e-05,
      1.1286632798146456e-05,
      2.060236056422582e-06,
      2.0303868950577453e-05,
      6.0970337472099345e-06
     ],
     "swap_top1_hit": false
    },
    {
     "name": "swap-Spain-to-England",
     "n_edit_positions": 1,
     "p_base_answer": 0.9260734915733337,
     "p_base_swap_answer": 0.0004379363381303847,
     "dp_swap_answer": 0.8441565036773682,
     "dp_answer": -0.8347298502922058,
     "dp_swap_answer_random_ctrl": [
      0.0019417633302509785,
      0.0027714865282177925,
      0.002918230602517724,
      0.0010247202590107918,
      0.0027056580875068903,
      0.00666570570319891,
      0.0017141061834990978,
      0.006768874824047089,
      0.001194976270198822,
      0.00044772110413759947
     ],
     "swap_top1_hit": true
    },
    {
     "name": "swap-Germany-to-Russia",
     "n_edit_positions": 1,
     "p_base_answer": 0.9027499556541443,
     "p_base_swap_answer": 4.4260883441893384e-05,
     "dp_swap_answer": 0.7019657492637634,
     "dp_answer": -0.8527100086212158,
     "dp_swap_answer_random_ctrl": [
      0.000379828066797927,
      0.00029246084159240127,
      5.0668571930145845e-05,
      1.8983042537001893e-05,
      0.00017494479834567755,
      0.00012748793233186007,
      2.2502073989016935e-05,
      0.0003967430384363979,
      5.8933499531121925e-05,
      0.00028678966918960214
     ],
     "swap_top1_hit": true
    },
    {
     "name": "swap-Russia-to-Germany",
     "n_edit_positions": 1,
     "p_base_answer": 0.7309398651123047,
     "p_base_swap_answer": 1.5235103091981728e-05,
     "dp_swap_answer": 0.24255874752998352,
     "dp_answer": -0.19878828525543213,
     "dp_swap_answer_random_ctrl": [
      -5.416613021225203e-06,
      1.613904896657914e-05,
      1.6245969163719565e-05,
      6.22835159447277e-06,
      2.035286343016196e-06,
      4.01132128899917e-05,
      1.2140600119892042e-05,
      5.427035830507521e-06,
      5.958637302683201e-06,
      1.007337232294958e-06
     ],
     "swap_top1_hit": false
    },
    {
     "name": "swap-Japan-to-China",
     "n_edit_positions": 1,
     "p_base_answer": 0.9320235252380371,
     "p_base_swap_answer": 7.112219464033842e-05,
     "dp_swap_answer": 0.931809663772583,
     "dp_answer": -0.9046374559402466,
     "dp_swap_answer_random_ctrl": [
      -4.259087654645555e-05,
      -4.363305924925953e-05,
      2.915918594226241e-05,
      8.50456563057378e-05,
      -5.21601687069051e-05,
      -2.874202618841082e-05,
      -2.3006665287539363e-05,
      5.032052285969257e-06,
      -1.848877582233399e-05,
      1.097305357689038e-05
     ],
     "swap_top1_hit": true
    },
    {
     "name": "swap-China-to-Japan",
     "n_edit_positions": 1,
     "p_base_answer": 0.9473581314086914,
     "p_base_swap_answer": 0.00045534936361946166,
     "dp_swap_answer": 0.8036770224571228,
     "dp_answer": -0.8012651801109314,
     "dp_swap_answer_random_ctrl": [
      0.0005604480393230915,
      0.00045988199417479336,
      -3.226043190807104e-05,
      -6.563399801962078e-05,
      0.0005766774993389845,
      0.00038716589915566146,
      0.0001598764501977712,
      0.0008119307458400726,
      0.00019398584845475852,
      0.00012927877833135426
     ],
     "swap_top1_hit": true
    },
    {
     "name": "swap-Greece-to-Egypt",
     "n_edit_positions": 1,
     "p_base_answer": 0.969875693321228,
     "p_base_swap_answer": 1.9043085330849863e-06,
     "dp_swap_answer": 0.008672467432916164,
     "dp_answer": -0.008378744125366211,
     "dp_swap_answer_random_ctrl": [
      6.172852863528533e-06,
      1.0759081305877771e-05,
      2.0076675355085172e-05,
      8.006743883015588e-06,
      2.6409738893562462e-06,
      1.659880581428297e-05,
      4.0437835195916705e-06,
      1.86025099537801e-05,
      4.365579115983564e-06,
      5.524868356587831e-06
     ],
     "swap_top1_hit": false
    },
    {
     "name": "swap-Egypt-to-Greece",
     "n_edit_positions": 1,
     "p_base_answer": 0.9659175872802734,
     "p_base_swap_answer": 6.7816108639817685e-06,
     "dp_swap_answer": 0.7820853590965271,
     "dp_answer": -0.9447514414787292,
     "dp_swap_answer_random_ctrl": [
      0.0001112041063606739,
      0.0003855896065942943,
      0.00012587339733727276,
      0.00036228803219273686,
      0.00024188619863707572,
      0.00012217710900586098,
      0.00032002487569116056,
      0.0004841567133553326,
      0.00020578385738190264,
      8.528228136128746e-06
     ],
     "swap_top1_hit": true
    },
    {
     "name": "swap-Ireland-to-Poland",
     "n_edit_positions": 1,
     "p_base_answer": 0.9687492251396179,
     "p_base_swap_answer": 3.4832865480893815e-08,
     "dp_swap_answer": 0.19726510345935822,
     "dp_answer": -0.5410227179527283,
     "dp_swap_answer_random_ctrl": [
      4.5006709115114063e-07,
      6.4642978259144e-07,
      1.3046742424194235e-06,
      1.5233200656439294e-07,
      1.380610115120362e-06,
      1.686709538262221e-06,
      2.3123011771986057e-07,
      4.892398806077836e-07,
      6.601609925382945e-07,
      8.728453622097732e-07
     ],
     "swap_top1_hit": false
    },
    {
     "name": "swap-Poland-to-Ireland",
     "n_edit_positions": 1,
     "p_base_answer": 0.817773699760437,
     "p_base_swap_answer": 2.636705630720826e-06,
     "dp_swap_answer": 0.05063027888536453,
     "dp_answer": -0.1654234528541565,
     "dp_swap_answer_random_ctrl": [
      -5.968147434032289e-07,
      1.7868424038169906e-06,
      1.1215804534003837e-06,
      2.4927512640715577e-06,
      7.230401479318971e-06,
      3.8104903978819493e-06,
      3.6137971619609743e-06,
      1.453846380172763e-05,
      6.4275204749719705e-06,
      -1.1105140629297239e-06
     ],
     "swap_top1_hit": false
    },
    {
     "name": "swap-Sweden-to-Norway",
     "n_edit_positions": 1,
     "p_base_answer": 0.9097939729690552,
     "p_base_swap_answer": 7.969711441546679e-05,
     "dp_swap_answer": 0.7248786687850952,
     "dp_answer": -0.7348035573959351,