{
 "skip4": {
  "swap-capitals": {
   "task": "swap-capitals",
   "band_layers": [
    4,
    5,
    6,
    7,
    8,
    9,
    10,
    11,
    12,
    13,
    14,
    15,
    16
   ],
   "alpha": 1.0,
   "rcond": 0.05,
   "per_item": [
    {
     "name": "swap-France-to-Italy",
     "n_edit_positions": 1,
     "p_base_answer": 0.9734671711921692,
     "p_base_swap_answer": 5.4543837904930115e-05,
     "dp_swap_answer": 0.8890201449394226,
     "dp_answer": -0.9264468550682068,
     "dp_swap_answer_random_ctrl": [
      0.0013725304743275046,
      0.001000904943794012,
      0.0002984267775900662,
      0.0011558274272829294,
      0.0005313756410032511,
      0.0013266796013340354,
      0.00037147506373003125,
      0.0014601943548768759,
      0.00017596519319340587,
      0.0003487594658508897
     ],
     "swap_top1_hit": true
    },
    {
     "name": "swap-Italy-to-France",
     "n_edit_positions": 1,
     "p_base_answer": 0.9508237242698669,
     "p_base_swap_answer": 0.00026128345052711666,
     "dp_swap_answer": 0.9582307934761047,
     "dp_answer": -0.9391623735427856,
     "dp_swap_answer_random_ctrl": [
      -0.00017438066424801946,
      -0.00015409114712383598,
      -4.802251351065934e-05,
      -0.00018093650578521192,
      2.4069042410701513e-05,
      -3.907820791937411e-05,
      0.0004384328203741461,
      2.2259511752054095e-05,
      6.080401362851262e-06,
      9.89228137768805e-05
     ],
     "swap_top1_hit": true
    },
    {
     "name": "swap-England-to-Spain",
     "n_edit_positions": 1,
     "p_base_answer": 0.9793788194656372,
     "p_base_swap_answer": 6.278005002968712e-06,
     "dp_swap_answer": 0.006028934847563505,
     "dp_answer": -0.007382094860076904,
     "dp_swap_answer_random_ctrl": [
      -7.194344107119832e-07,
      2.207407851528842e-05,
      1.2616046660696156e-06,
      5.566878371610073e-06,
      2.1464604287757538e-05,
      1.2062324458383955e-05,
      1.8051985534839332e-05,
      1.1352626643201802e-06,
      1.4433453543460928e-05,
      1.2708496797131374e-05
     ],
     "swap_top1_hit": false
    },
    {
     "name": "swap-Spain-to-England",
     "n_edit_positions": 1,
     "p_base_answer": 0.9260734915733337,
     "p_base_swap_answer": 0.0004379363381303847,
     "dp_swap_answer": 0.8125823140144348,
     "dp_answer": -0.8044061660766602,
     "dp_swap_answer_random_ctrl": [
      0.0022937797475606203,
      0.0020347863901406527,
      0.0013447615783661604,
      0.0007548060384579003,
      0.0009584486833773553,
      0.0077148969285190105,
      0.0015692852903157473,
      0.0051262774504721165,
      0.0014474845957010984,
      0.0005906657897867262
     ],
     "swap_top1_hit": true
    },
    {
     "name": "swap-Germany-to-Russia",
     "n_edit_positions": 1,
     "p_base_answer": 0.9027499556541443,
     "p_base_swap_answer": 4.4260883441893384e-05,
     "dp_swap_answer": 0.6832549571990967,
     "dp_answer": -0.8641290068626404,
     "dp_swap_answer_random_ctrl": [
      7.214541255962104e-05,
      0.00016160725499503314,
      2.907233647420071e-05,
      4.3446307245176286e-06,
      4.374765194370411e-05,
      8.818667265586555e-05,
      1.8791881302604452e-05,
      7.543277752120048e-05,
      3.583594298106618e-05,
      5.9742644225480035e-05
     ],
     "swap_top1_hit": true
    },
    {
     "name": "swap-Russia-to-Germany",
     "n_edit_positions": 1,
     "p_base_answer": 0.7309398651123047,
     "p_base_swap_answer": 1.5235103091981728e-05,
     "dp_swap_answer": 0.2873553931713104,
     "dp_answer": -0.2713601291179657,
     "dp_swap_answer_random_ctrl": [
      9.88630472420482e-06,
      2.7744921681005508e-05,
      8.497484486724716e-06,
      1.5509576769545674e-05,
      2.259900611534249e-06,
      3.8840240449644625e-05,
      2.4840221158228815e-05,
      5.260039870336186e-06,
      7.967989404278342e-06,
      6.2059343690634705e-06
     ],
     "swap_top1_hit": false
    },
    {
     "name": "swap-Japan-to-China",
     "n_edit_positions": 1,
     "p_base_answer": 0.9320235252380371,
     "p_base_swap_answer": 7.112219464033842e-05,
     "dp_swap_answer": 0.9151986241340637,
     "dp_answer": -0.9042473435401917,
     "dp_swap_answer_random_ctrl": [
      -2.1187886886764318e-05,
      -4.0377133700530976e-05,
      5.4168005590327084e-05,
      0.00023446563864126801,
      -2.1100939193274826e-05,
      3.7984136724844575e-07,
      -1.355706262984313e-05,
      -2.6369074475951493e-05,
      -1.8984675989486277e-05,
      -2.0110161131015047e-05
     ],
     "swap_top1_hit": true
    },
    {
     "name": "swap-China-to-Japan",
     "n_edit_positions": 1,
     "p_base_answer": 0.9473581314086914,
     "p_base_swap_answer": 0.00045534936361946166,
     "dp_swap_answer": 0.8940111398696899,
     "dp_answer": -0.889360249042511,
     "dp_swap_answer_random_ctrl": [
      0.00022280178382061422,
      0.00024230926646851003,
      -0.00021790499158669263,
      -0.000268883362878114,
      1.7847225535660982e-05,
      1.662608701735735e-05,
      -0.00013828923692926764,
      0.00030112647800706327,
      0.00016536013572476804,
      0.0003122944326605648
     ],
     "swap_top1_hit": true
    },
    {
     "name": "swap-Greece-to-Egypt",
     "n_edit_positions": 1,
     "p_base_answer": 0.969875693321228,
     "p_base_swap_answer": 1.9043085330849863e-06,
     "dp_swap_answer": 0.006772567052394152,
     "dp_answer": 0.001068711280822754,
     "dp_swap_answer_random_ctrl": [
      4.71719067718368e-06,
      6.311696324701188e-06,
      5.399792371463263e-06,
      1.0145255146198906e-05,
      2.194589796999935e-06,
      7.615919912495883e-06,
      4.579465894494206e-06,
      6.412465609173523e-06,
      3.122045200143475e-06,
      2.8091512831451837e-06
     ],
     "swap_top1_hit": false
    },
    {
     "name": "swap-Egypt-to-Greece",
     "n_edit_positions": 1,
     "p_base_answer": 0.9659175872802734,
     "p_base_swap_answer": 6.7816108639817685e-06,
     "dp_swap_answer": 0.7246711850166321,
     "dp_answer": -0.9405325055122375,
     "dp_swap_answer_random_ctrl": [
      8.55967664392665e-05,
      0.00021121674217283726,
      0.0001739306462695822,
      0.00038595462683588266,
      0.00010128355643246323,
      0.00019695775699801743,
      0.0001306597696384415,
      0.0005896162474527955,
      0.00013632679474540055,
      4.1623381548561156e-05
     ],
     "swap_top1_hit": true
    },
    {
     "name": "swap-Ireland-to-Poland",
     "n_edit_positions": 1,
     "p_base_answer": 0.9687492251396179,
     "p_base_swap_answer": 3.4832865480893815e-08,
     "dp_swap_answer": 0.12711869180202484,
     "dp_answer": -0.4428431987762451,
     "dp_swap_answer_random_ctrl": [
      2.3156421491421497e-07,
      6.382854849107389e-07,
      2.2530674925747007e-07,
      1.1169663594046142e-07,
      8.540757221453532e-07,
      6.222493311724975e-07,
      8.663738526593079e-08,
      4.393749719611151e-08,
      5.049299147685815e-07,
      3.2522268611501204e-07
     ],
     "swap_top1_hit": false
    },
    {
     "name": "swap-Poland-to-Ireland",
     "n_edit_positions": 1,
     "p_base_answer": 0.817773699760437,
     "p_base_swap_answer": 2.636705630720826e-06,
     "dp_swap_answer": 0.14215488731861115,
     "dp_answer": -0.2812451124191284,
     "dp_swap_answer_random_ctrl": [
      -1.928865913214395e-06,
      -1.3734468211623607e-06,
      -8.83729626366403e-07,
      2.645904260134557e-07,
      9.319385299022542e-07,
      4.845176135859219e-07,
      4.7135290515143424e-07,
      7.936267138575204e-06,
      6.507225407403894e-07,
      -7.329649633902591e-07
     ],
     "swap_top1_hit": false
    },
    {
     "name": "swap-Sweden-to-Norway",
     "n_edit_positions": 1,
     "p_base_answer": 0.9097939729690552,
     "p_base_swap_answer": 7.969711441546679e-05,
     "dp_swap_answer": 0.5224692225456238,
     "dp_answer": -0.5324392318725586,