{
  "reports": {
    "Paris": {
      "concept": "Paris",
      "answer_token_id": 7785,
      "n_eval": 40,
      "verdict": {
        "converged": false,
        "converged_at": null,
        "passes_at_max_rung_only": false,
        "per_rung": {
          "8": {
            "pass": false,
            "min_pairwise_cosine": 0.6140375137329102,
            "effect_iqr": 0.005209344491231604
          },
          "16": {
            "pass": false,
            "min_pairwise_cosine": 0.6584805250167847,
            "effect_iqr": 0.005770069971913471
          },
          "32": {
            "pass": false,
            "min_pairwise_cosine": 0.7630231976509094,
            "effect_iqr": 0.0008111902192467824
          },
          "64": {
            "pass": false,
            "min_pairwise_cosine": 0.9050551652908325,
            "effect_iqr": 0.0018864271056372676
          }
        }
      },
      "effects_by_rung": {
        "8": {
          "1": 0.00486,
          "2": -0.0003,
          "3": 0.01012
        },
        "16": {
          "1": 0.01433,
          "2": 0.00492,
          "3": 0.00279
        },
        "32": {
          "1": 0.00127,
          "2": 0.00158,
          "3": 0.00289
        },
        "64": {
          "1": -2e-05,
          "2": 0.00333,
          "3": 0.00376
        }
      },
      "sham_by_draw": {
        "1": -0.00062,
        "2": -0.00061,
        "3": -0.00061
      },
      "controls": {
        "positive": {
          "passed": false,
          "detail": "\u0394p(answer) median +0.0033 - sham median -0.0006 = +0.0039 vs bar +0.1",
          "effect_median": 0.00333466528027202,
          "sham_median": -0.0006144193891145733
        },
        "negative": {
          "passed": true,
          "detail": "max |\u0394p| 0.0052 vs bound 0.0250 = max(0.02, 1/40)"
        },
        "controlled": false
      }
    },
    "London": {
      "concept": "London",
      "answer_token_id": 4693,
      "n_eval": 40,
      "verdict": {
        "converged": false,
        "converged_at": null,
        "passes_at_max_rung_only": false,
        "per_rung": {
          "8": {
            "pass": false,
            "min_pairwise_cosine": 0.7400052547454834,
            "effect_iqr": 0.0007881425047798984
          },
          "16": {
            "pass": false,
            "min_pairwise_cosine": 0.7821190357208252,
            "effect_iqr": 5.3546042181551456e-05
          },
          "32": {
            "pass": false,
            "min_pairwise_cosine": 0.8576754927635193,
            "effect_iqr": 0.00017565243015269503
          },
          "64": {
            "pass": false,
            "min_pairwise_cosine": 0.9416273236274719,
            "effect_iqr": 0.00032650490829837513
          }
        }
      },
      "effects_by_rung": {
        "8": {
          "1": -0.0017,
          "2": -0.00173,
          "3": -0.00015
        },
        "16": {
          "1": -0.00158,
          "2": -0.00165,
          "3": -0.00155
        },
        "32": {
          "1": -0.00131,
          "2": -0.00166,
          "3": -0.00139
        },
        "64": {
          "1": -0.00077,
          "2": -0.00125,
          "3": -0.00142
        }
      },
      "sham_by_draw": {
        "1": -0.00172,
        "2": -0.00176,
        "3": -0.00176
      },
      "controls": {
        "positive": {
          "passed": false,
          "detail": "\u0394p(answer) median -0.0013 - sham median -0.0018 = +0.0005 vs bar +0.1",
          "effect_median": -0.0012517859440777102,
          "sham_median": -0.001764498212264698
        },
        "negative": {
          "passed": true,
          "detail": "max |\u0394p| 0.0019 vs bound 0.0250 = max(0.02, 1/40)"
        },
        "controlled": false
      }
    },
    "Rome": {
      "concept": "Rome",
      "answer_token_id": 12300,
      "n_eval": 40,
      "verdict": {
        "converged": false,
        "converged_at": null,
        "passes_at_max_rung_only": false,
        "per_rung": {
          "8": {
            "pass": false,
            "min_pairwise_cosine": 0.6216357350349426,
            "effect_iqr": 0.00034312304858303834
          },
          "16": {
            "pass": false,
            "min_pairwise_cosine": 0.6950134634971619,
            "effect_iqr": 0.0009041531651746483
          },
          "32": {
            "pass": false,
            "min_pairwise_cosine": 0.7852042317390442,
            "effect_iqr": 0.0002244866285536773
          },
          "64": {
            "pass": false,
            "min_pairwise_cosine": 0.9095601439476013,
            "effect_iqr": 8.54297304158536e-05
          }
        }
      },
      "effects_by_rung": {
        "8": {
          "1": 2e-05,
          "2": -0.00066,
          "3": -0.0006
        },
        "16": {
          "1": 0.00122,
          "2": -0.00038,
          "3": -0.00059
        },
        "32": {
          "1": -0.00056,
          "2": -0.00018,
          "3": -0.00062
        },
        "64": {
          "1": -0.0006,
          "2": -0.00043,
          "3": -0.00043
        }
      },
      "sham_by_draw": {
        "1": -0.00072,
        "2": -0.00072,
        "3": -0.00071
      },
      "controls": {
        "positive": {
          "passed": false,
          "detail": "\u0394p(answer) median -0.0004 - sham median -0.0007 = +0.0003 vs bar +0.1",
          "effect_median": -0.0004262059593202139,
          "sham_median": -0.0007195719605633144
        },
        "negative": {
          "passed": true,
          "detail": "max |\u0394p| 0.0007 vs bound 0.0250 = max(0.02, 1/40)"
        },
        "controlled": false
      }
    },
    "Berlin": {
      "concept": "Berlin",
      "answer_token_id": 12911,
      "n_eval": 40,
      "verdict": {
        "converged": false,
        "converged_at": null,
        "passes_at_max_rung_only": false,
        "per_rung": {
          "8": {
            "pass": false,
            "min_pairwise_cosine": 0.6325846910476685,
            "effect_iqr": 0.0006697619742453753
          },
          "16": {
            "pass": false,
            "min_pairwise_cosine": 0.6834750175476074,
            "effect_iqr": 0.00015910174597593134
          },
          "32": {
            "pass": false,
            "min_pairwise_cosine": 0.7857940793037415,
            "effect_iqr": 9.490047834788125e-05
          },
          "64": {
            "pass": false,
            "min_pairwise_cosine": 0.9068052768707275,
            "effect_iqr": 1.2920362041768342e-05
          }
        }
      },
      "effects_by_rung": {
        "8": {
          "1": 0.00034,
          "2": -0.001,
          "3": -0.00089
        },
        "16": {
          "1": -0.00065,
          "2": -0.00078,
          "3": -0.00097
        },
        "32": {
          "1": -0.00081,
          "2": -0.00083,
          "3": -0.001
        },
        "64": {
          "1": -0.00085,
          "2": -0.00084,
          "3": -0.00083
        }
      },
      "sham_by_draw": {
        "1": -0.00105,
        "2": -0.00097,
        "3": -0.00103
      },
      "controls": {
        "positive": {
          "passed": false,
          "detail": "\u0394p(answer) median -0.0008 - sham median -0.0010 = +0.0002 vs bar +0.1",
          "effect_median": -0.0008418942921935013,
          "sham_median": -0.0010306743932346762
        },
        "negative": {
          "passed": true,
          "detail": "max |\u0394p| 0.0011 vs bound 0.0250 = max(0.02, 1/40)"
        },
        "controlled": false
      }
    },
    "Madrid": {
      "concept": "Madrid",
      "answer_token_id": 21924,
      "n_eval": 40,
      "verdict": {
        "converged": false,
        "converged_at": null,
        "passes_at_max_rung_only": false,
        "per_rung": {
          "8": {
            "pass": false,
            "min_pairwise_cosine": 0.5891185998916626,
            "effect_iqr": 0.004343712640888953
          },
          "16": {
            "pass": false,