{
 "skip4": {
  "swap-capitals": {
   "task": "swap-capitals",
   "band_layers": [
    4,
    5,
    6,
    7,
    8,
    9,
    10,
    11,
    12,
    13,
    14,
    15,
    16
   ],
   "alpha": 1.0,
   "rcond": 0.05,
   "per_item": [
    {
     "name": "swap-France-to-Italy",
     "n_edit_positions": 1,
     "p_base_answer": 0.9436563849449158,
     "p_base_swap_answer": 0.0010919834021478891,
     "dp_swap_answer": 0.7876285314559937,
     "dp_answer": -0.933660626411438,
     "dp_swap_answer_random_ctrl": [
      0.0710524171590805,
      0.04387429356575012,
      0.15983372926712036,
      0.002482578856870532,
      0.006894242018461227,
      0.002313492354005575,
      0.004647780209779739,
      0.011872548609972,
      0.007722380571067333,
      0.23267541825771332
     ],
     "swap_top1_hit": true
    },
    {
     "name": "swap-Italy-to-France",
     "n_edit_positions": 1,
     "p_base_answer": 0.7364778518676758,
     "p_base_swap_answer": 0.0007369643426500261,
     "dp_swap_answer": 0.9015434980392456,
     "dp_answer": -0.7329584360122681,
     "dp_swap_answer_random_ctrl": [
      0.01732741855084896,
      0.03432106226682663,
      0.011782851070165634,
      0.12123827636241913,
      0.03031287156045437,
      0.02635839954018593,
      0.19739319384098053,
      0.013677872717380524,
      0.025843946263194084,
      0.002667103661224246
     ],
     "swap_top1_hit": true
    },
    {
     "name": "swap-England-to-Spain",
     "n_edit_positions": 1,
     "p_base_answer": 0.7283635139465332,
     "p_base_swap_answer": 6.988761742832139e-05,
     "dp_swap_answer": 0.1863357275724411,
     "dp_answer": -0.010254919528961182,
     "dp_swap_answer_random_ctrl": [
      -4.904060915578157e-06,
      -2.8552458388730884e-06,
      -2.9199436539784074e-05,
      -4.3217769416514784e-05,
      -5.6394033890683204e-05,
      -4.448779873200692e-05,
      2.6460460503585637e-05,
      -6.469326763181016e-05,
      9.17057113838382e-05,
      -5.5363041610689834e-05
     ],
     "swap_top1_hit": false
    },
    {
     "name": "swap-Spain-to-England",
     "n_edit_positions": 1,
     "p_base_answer": 0.9419296383857727,
     "p_base_swap_answer": 0.0019728990737348795,
     "dp_swap_answer": 0.6213427782058716,
     "dp_answer": -0.9406157732009888,
     "dp_swap_answer_random_ctrl": [
      0.0406046099960804,
      0.039207473397254944,
      0.02370520681142807,
      0.0014969187323004007,
      0.02077605202794075,
      0.0037109164986759424,
      0.0019253434147685766,
      0.032500360161066055,
      -0.0010665992740541697,
      0.006414636038243771
     ],
     "swap_top1_hit": true
    },
    {
     "name": "swap-Germany-to-Russia",
     "n_edit_positions": 1,
     "p_base_answer": 0.7214801907539368,
     "p_base_swap_answer": 0.00023407164553645998,
     "dp_swap_answer": 0.657727062702179,
     "dp_answer": -0.6832672357559204,
     "dp_swap_answer_random_ctrl": [
      0.0014780884375795722,
      0.011592318303883076,
      0.010287739336490631,
      0.0028118740301579237,
      0.001448411145247519,
      0.0064823138527572155,
      0.021621912717819214,
      0.006045374553650618,
      0.0010311247315257788,
      0.009373960085213184
     ],
     "swap_top1_hit": true
    },
    {
     "name": "swap-Russia-to-Germany",
     "n_edit_positions": 1,
     "p_base_answer": 0.38234296441078186,
     "p_base_swap_answer": 0.0007769094663672149,
     "dp_swap_answer": 0.7533827424049377,
     "dp_answer": -0.382270872592926,
     "dp_swap_answer_random_ctrl": [
      0.0019230847246944904,
      0.006417734548449516,
      0.007877456024289131,
      0.0032522615510970354,
      0.0050675272941589355,
      0.0003511068061925471,
      0.010058834217488766,
      0.006975929718464613,
      -2.9075832571834326e-05,
      0.039532046765089035
     ],
     "swap_top1_hit": true
    },
    {
     "name": "swap-Japan-to-China",
     "n_edit_positions": 1,
     "p_base_answer": 0.8534233570098877,
     "p_base_swap_answer": 7.55259461584501e-05,
     "dp_swap_answer": 0.9159982800483704,
     "dp_answer": -0.8531659245491028,
     "dp_swap_answer_random_ctrl": [
      0.0017651483649387956,
      0.03968508169054985,
      0.004199358634650707,
      0.031244855374097824,
      0.0015844403533264995,
      0.06324608623981476,
      0.022082382813096046,
      0.015922771766781807,
      0.005213314667344093,
      0.018029440194368362
     ],
     "swap_top1_hit": true
    },
    {
     "name": "swap-China-to-Japan",
     "n_edit_positions": 1,
     "p_base_answer": 0.7507729530334473,
     "p_base_swap_answer": 0.0025074079167097807,
     "dp_swap_answer": 0.9023484587669373,
     "dp_answer": -0.7505908608436584,
     "dp_swap_answer_random_ctrl": [
      0.027115700766444206,
      0.04728386923670769,
      0.19854974746704102,
      0.009469985961914062,
      0.4424465298652649,
      0.009766857139766216,
      0.04134857654571533,
      0.03327818214893341,
      0.0015988314989954233,
      0.031609389930963516
     ],
     "swap_top1_hit": true
    },
    {
     "name": "swap-Greece-to-Egypt",
     "n_edit_positions": 1,
     "p_base_answer": 0.5573287606239319,
     "p_base_swap_answer": 9.951939864549786e-05,
     "dp_swap_answer": 0.09079644083976746,
     "dp_answer": -0.5296987295150757,
     "dp_swap_answer_random_ctrl": [
      0.0009567207889631391,
      6.7967266659252346e-06,
      0.0013587088324129581,
      -1.5894787793513387e-05,
      0.0001815566938603297,
      0.002249601297080517,
      -3.848629057756625e-05,
      0.003013370791450143,
      0.00035717443097382784,
      0.00543505884706974
     ],
     "swap_top1_hit": false
    },
    {
     "name": "swap-Egypt-to-Greece",
     "n_edit_positions": 1,
     "p_base_answer": 0.596606969833374,
     "p_base_swap_answer": 0.000165002973517403,
     "dp_swap_answer": 0.3456934690475464,
     "dp_answer": -0.5832834839820862,
     "dp_swap_answer_random_ctrl": [
      0.0007030392298474908,
      0.0009084537159651518,
      -0.00013170579040888697,
      7.756160630378872e-05,
      0.0001111202291212976,
      -0.00013681393465958536,
      0.00012547793448902667,
      -7.964539690874517e-06,
      -8.324985537910834e-05,
      0.00029141706181690097
     ],
     "swap_top1_hit": true
    },
    {
     "name": "swap-Ireland-to-Poland",
     "n_edit_positions": 1,
     "p_base_answer": 0.7840441465377808,
     "p_base_swap_answer": 6.290808869380271e-07,
     "dp_swap_answer": 0.25743961334228516,
     "dp_answer": -0.7834324836730957,
     "dp_swap_answer_random_ctrl": [
      0.00034924299689009786,
      0.0020490477327257395,
      0.0004020279739052057,
      0.00014676419959869236,
      0.001821485930122435,
      5.4264772188616917e-05,
      0.000962626188993454,
      0.0003354730433784425,
      4.080276266904548e-05,
      0.0015332282055169344
     ],
     "swap_top1_hit": true
    },
    {
     "name": "swap-Poland-to-Ireland",
     "n_edit_positions": 1,
     "p_base_answer": 0.8749746084213257,
     "p_base_swap_answer": 3.44694490195252e-06,
     "dp_swap_answer": 0.6965619921684265,
     "dp_answer": -0.8748249411582947,
     "dp_swap_answer_random_ctrl": [
      0.00019017045269720256,
      0.0004425145743880421,
      0.00016541000513825566,
      3.686846321215853e-05,
      8.105298911686987e-05,
      2.2836811695015058e-05,
      3.3952594094444066e-05,
      5.358209818950854e-06,
      1.415159204043448e-05,
      2.9181959689594805e-05
     ],
     "swap_top1_hit": true
    },
    {
     "name": "swap-Sweden-to-Norway",
     "n_edit_positions": 1,
     "p_base_answer": 0.8428159952163696,
     "p_base_swap_answer": 0.00033243538928218186,
     "dp_swap_answer": 0.23186525702476501,
     "dp_answer": -0.588186502456665,